1,order-f7c96248-d918-4094-9ca7-8478d1baad31,5,1,5,1,served,751,"Gram flour, ghee, sugar",2022-06-04 8:09:01,2021-03-20 8:09:01
2,order-f7c96248-d918-4094-9ca7-8478d1baad31,5,2,2,2,served,798,"Carrots, milk, sugar, ghee, cashews, raisins",2022-05-17 10:32:50,2021-01-28 10:32:50
3,order-f7c96248-d918-4094-9ca7-8478d1baad31,10,2,4,2,served,724,"Flour, ghee, kewra, milk, clarified butter, sugar, almonds, pistachio, saffron, green cardamom",2022-04-04 6:11:34,2021-07-06 6:11:34
4,order-d6e93e64-9e4d-4f61-809a-28d5febc8a14,2,1,4,2,served,122,"Milk powder, plain flour, baking powder, ghee, milk, sugar, water, rose water",2022-10-07 10:02:22,2022-06-11 10:02:22
5,order-d6e93e64-9e4d-4f61-809a-28d5febc8a14,3,2,3,3,served,588,"Sugar syrup, lentil flour",2022-12-25 1:19:33,2021-08-04 1:19:33
6,order-d6e93e64-9e4d-4f61-809a-28d5febc8a14,6,4,5,3,served,785,"Maida, corn flour, baking soda, vinegar, curd, water, turmeric, saffron, cardamom",2022-01-06 7:12:56,2022-12-17 7:12:56
7,order-d6e93e64-9e4d-4f61-809a-28d5febc8a14,2,5,5,5,served,425,"Cashews, ghee, cardamom, sugar",2022-09-06 3:33:39,2022-08-12 3:33:39
8,order-d6e93e64-9e4d-4f61-809a-28d5febc8a14,3,2,3,4,served,803,"Milk, cottage cheese, sugar",2022-01-05 22:31:04,2022-03-07 22:31:04
9,order-a993fdee-c53e-4537-b442-9840544929a4,6,5,2,1,served,987,"Milk, rice, sugar, dried fruits",2022-10-13 15:34:27,2022-05-03 15:34:27
10,order-a993fdee-c53e-4537-b442-9840544929a4,1,3,2,3,served,60,"Gram flour, ghee, sugar",2021-06-22 15:02:47,2022-08-13 15:02:47
11,order-a993fdee-c53e-4537-b442-9840544929a4,8,2,1,2,served,271,"Yogurt, milk, nuts, sugar",2021-01-24 16:14:05,2022-08-10 16:14:05
12,order-fba651b4-800a-44ba-bc01-3fba8e64446e,9,3,3,3,served,465,"Refined flour, besan, ghee, powdered sugar, yoghurt, green cardamom",2021-09-21 13:23:03,2021-08-24 13:23:03
13,order-fba651b4-800a-44ba-bc01-3fba8e64446e,1,2,3,5,served,442,"Firm white pumpkin, sugar, kitchen lime, alum powder",2022-11-05 17:49:14,2022-03-11 17:49:14
14,order-fba651b4-800a-44ba-bc01-3fba8e64446e,3,3,2,1,served,639,"Rice, sugar, nuts",2021-02-13 19:33:42,2021-03-05 19:33:42
15,order-1e524df4-62be-4744-ab58-ee433c80e167,2,4,5,1,served,712,"Condensed milk, sugar, spices, nuts",2021-08-23 0:06:01,2021-12-24 0:06:01
16,order-1e524df4-62be-4744-ab58-ee433c80e167,10,2,3,1,served,461,"Semolina, ghee, nuts, milk",2021-05-23 19:02:25,2022-03-05 19:02:25
17,order-1e524df4-62be-4744-ab58-ee433c80e167,9,1,4,3,served,668,"Khoa, coconut, molu leaf",2022-07-07 14:35:13,2022-12-30 14:35:13
18,order-1e524df4-62be-4744-ab58-ee433c80e167,3,5,5,4,served,742,"Corn flour, ghee, dry fruits",2022-01-06 12:37:03,2022-10-01 12:37:03
19,order-1e524df4-62be-4744-ab58-ee433c80e167,4,1,3,3,served,387,"Gram flour, ghee, sugar, milk, cardamom",2022-02-01 1:08:52,2021-08-03 1:08:52
20,order-1e524df4-62be-4744-ab58-ee433c80e167,7,3,2,3,served,840,"Chhena, sugar, ghee",2021-06-29 13:10:02,2021-09-09 13:10:02
21,order-f392ad53-590f-4085-a9de-fc6dd3848f16,7,4,5,5,served,252,"Chhena, sugar, milk",2022-08-07 2:45:27,2021-02-18 2:45:27
22,order-f392ad53-590f-4085-a9de-fc6dd3848f16,3,1,3,3,served,457,"Sugar, chenna cheese",2022-10-26 11:34:35,2021-10-01 11:34:35
23,order-f392ad53-590f-4085-a9de-fc6dd3848f16,6,4,1,5,served,349,"Flour, cream, sugar, saffron, lemon juice, coconut flakes",2021-07-14 17:04:24,2022-09-29 17:04:24
24,order-4da65619-859b-40fb-829b-7437c35c203f,10,4,3,5,served,847,"Chenna, condensed milk, sugar, saffron, cardamom",2022-10-28 19:43:39,2021-03-01 19:43:39
25,order-13676bd9-8eda-4b89-877d-af8cfbe0cdaa,5,3,5,3,served,318,"Chhena, sugar, ghee",2022-12-29 23:33:22,2022-10-25 23:33:22
26,order-13676bd9-8eda-4b89-877d-af8cfbe0cdaa,6,2,2,3,served,980,"Flour, fried milk power, sugar syrup",2021-05-03 6:30:34,2021-01-04 6:30:34
27,order-13676bd9-8eda-4b89-877d-af8cfbe0cdaa,4,2,2,4,served,899,"Yoghurt, refined flour, ghee, fennel seeds",2021-06-07 9:16:26,2022-12-17 9:16:26
28,order-a9e7bcbe-998e-4d8a-8b88-6205201d8cd8,2,3,2,2,served,709,"Besan flour, sugar, ghee",2022-06-05 21:49:13,2022-09-08 21:49:13
29,order-a9e7bcbe-998e-4d8a-8b88-6205201d8cd8,8,2,2,5,served,161,"Milk, jaggery",2022-04-21 21:59:27,2021-09-25 21:59:27
30,order-a9e7bcbe-998e-4d8a-8b88-6205201d8cd8,6,3,4,4,served,821,"Chhena, sugar, ghee, flour",2021-04-28 18:14:28,2021-07-21 18:14:28
31,order-d681436b-4ad3-4c7a-b312-6a30ecd9348d,8,3,5,5,served,903,"Rice flour, wheat flour",2021-11-28 19:18:47,2021-12-29 19:18:47
32,order-d681436b-4ad3-4c7a-b312-6a30ecd9348d,10,3,1,2,served,783,"Chenna, sweetened milk",2021-10-10 14:24:11,2022-11-14 14:24:11
33,order-d681436b-4ad3-4c7a-b312-6a30ecd9348d,5,4,2,4,served,488,"Chhena, reduced milk, pistachio",2021-09-14 14:50:18,2021-08-09 14:50:18
34,order-d681436b-4ad3-4c7a-b312-6a30ecd9348d,7,5,3,5,served,403,"Chhena, sugar, cardamom",2022-11-30 21:03:24,2022-06-21 21:03:24
35,order-d681436b-4ad3-4c7a-b312-6a30ecd9348d,5,1,3,4,served,857,"Milk, sugar, saffron, cardamom",2022-05-09 7:01:56,2021-06-17 7:01:56
36,order-8c4c0010-62fd-42fa-9eb4-16abc510c388,9,1,1,2,served,187,"Rice flour, jaggery, ghee, vegetable oil, elachi",2022-02-22 8:07:53,2022-08-07 8:07:53
37,order-8c4c0010-62fd-42fa-9eb4-16abc510c388,2,2,4,2,served,865,"Rice flour, jaggery, ghee",2021-03-24 15:55:46,2021-02-08 15:55:46
38,order-8c4c0010-62fd-42fa-9eb4-16abc510c388,9,5,3,3,served,430,"Besan, jaggery, cardamom powder, ghee, cashews and raisins, jaggery syrup, sugar",2021-04-17 6:06:23,2021-10-26 6:06:23
39,order-8c4c0010-62fd-42fa-9eb4-16abc510c388,7,2,3,5,served,677,"Peanuts, jaggery",2022-02-28 15:43:48,2022-08-11 15:43:48
40,order-8c4c0010-62fd-42fa-9eb4-16abc510c388,8,2,3,3,served,823,"Milk, Sugar, Dharwadi buffalo milk",2022-09-28 4:18:50,2021-11-05 4:18:50
41,order-7a54e483-755d-490f-81e1-1261c47599fb,3,3,4,3,served,117,"Loaf bread, milk",2021-05-19 16:57:22,2022-03-03 16:57:22
42,order-df17fcf4-586e-4bae-b6cc-22fe89d3b5ba,4,3,1,5,served,824,"Rice flour, sugar, salt, ghee, semolina",2021-05-11 22:38:17,2022-09-22 22:38:17
43,order-df17fcf4-586e-4bae-b6cc-22fe89d3b5ba,2,5,5,2,served,776,"Wheat flour, sugar",2022-01-06 0:56:56,2021-11-25 0:56:56
44,order-df17fcf4-586e-4bae-b6cc-22fe89d3b5ba,10,4,3,3,served,266,"Black lentils, rice",2022-07-24 2:38:41,2022-01-24 2:38:41
45,order-22ff0863-967c-48c2-bd3b-1cff1d25320b,3,1,3,4,served,773,"Besan flour, semolina, mung bean, jaggery, coconut, skimmed milk powder, sugar, ghee",2021-01-26 10:03:32,2022-07-03 10:03:32
46,order-22ff0863-967c-48c2-bd3b-1cff1d25320b,7,1,1,1,served,962,"Maida flour, turmeric, coconut, chickpeas, jaggery, ghee, cardamom",2022-07-19 22:38:20,2022-06-11 22:38:20
47,order-22ff0863-967c-48c2-bd3b-1cff1d25320b,6,3,3,5,served,523,"Rice flour, milk",2021-01-15 21:18:48,2021-09-12 21:18:48
48,order-03639f33-a151-4288-b2d6-7a127d87245d,1,2,4,4,served,776,"Chana dal, jaggery",2021-10-04 8:57:49,2021-10-18 8:57:49
49,order-03639f33-a151-4288-b2d6-7a127d87245d,8,3,2,1,served,392,"Rice, jaggery, cashews, ghee",2022-03-26 22:54:18,2021-06-21 22:54:18
50,order-03639f33-a151-4288-b2d6-7a127d87245d,3,5,5,5,served,639,"Rice flour, powdered sugar, ghee",2021-07-29 21:19:15,2022-11-23 21:19:15
51,order-03639f33-a151-4288-b2d6-7a127d87245d,2,5,3,2,served,554,"Apricots, sugar syrup",2021-10-30 18:52:03,2021-01-13 18:52:03
52,order-03639f33-a151-4288-b2d6-7a127d87245d,10,4,5,2,served,348,"Vermicelli pudding, milk",2021-10-23 16:30:57,2021-02-18 16:30:57
53,order-03639f33-a151-4288-b2d6-7a127d87245d,7,5,3,4,served,703,"Rice flour, banana, jaggery, coconut",2022-01-21 16:43:30,2022-06-01 16:43:30
54,order-3d27ea0c-cb97-4ba9-93fa-106cbcd19df5,8,4,4,3,served,874,"Rice flour, jaggery, coconut",2022-01-22 9:38:09,2021-05-18 9:38:09
55,order-3d27ea0c-cb97-4ba9-93fa-106cbcd19df5,4,3,5,5,served,520,"Rice flour, jaggery, khus-khus seeds",2022-10-19 16:21:52,2022-04-01 16:21:52
56,order-3d27ea0c-cb97-4ba9-93fa-106cbcd19df5,2,5,5,2,served,241,"Sugar, milk, nuts",2021-09-02 14:18:42,2022-11-09 14:18:42
57,order-3d27ea0c-cb97-4ba9-93fa-106cbcd19df5,1,5,4,1,served,167,"Cucumber, rava",2021-03-27 8:56:48,2022-08-10 8:56:48
58,order-3d27ea0c-cb97-4ba9-93fa-106cbcd19df5,5,2,1,4,served,527,"Milk, rice, sugar, dry fruits",2022-12-24 2:07:25,2021-06-25 2:07:25
59,order-36575560-f2e0-484e-8d6e-d0df21839f30,2,1,1,2,served,618,"Semolina, sugar",2022-11-05 22:38:58,2021-12-10 22:38:58
60,order-36575560-f2e0-484e-8d6e-d0df21839f30,5,1,4,2,served,289,"Rice flour, coconut, jaggery",2021-02-01 22:17:33,2021-05-16 22:17:33
61,order-36575560-f2e0-484e-8d6e-d0df21839f30,1,1,5,3,served,393,"Sugar, ghee, maida flour, semolina",2022-08-13 3:20:53,2022-11-21 3:20:53
62,order-36575560-f2e0-484e-8d6e-d0df21839f30,1,3,5,5,served,593,"Curd, sugar, saffron, cardamom",2021-03-08 0:09:05,2022-07-28 0:09:05
63,order-36575560-f2e0-484e-8d6e-d0df21839f30,1,1,2,2,served,853,"Maida, sugar, ghee",2022-09-20 8:39:02,2022-02-14 8:39:02
64,order-ad1a6b60-5568-4d76-afa0-f5012435bc89,8,4,3,1,served,926,"Fish, potol, tomato, chillies, ginger, garlic",2022-12-13 22:29:37,2021-06-28 22:29:37
65,order-ad1a6b60-5568-4d76-afa0-f5012435bc89,3,1,5,1,served,626,"Boiled pork, onions, chillies, ginger and garlic",2021-11-27 6:36:19,2022-12-13 6:36:19
66,order-ad1a6b60-5568-4d76-afa0-f5012435bc89,9,4,2,3,served,262,"Rice, milk, sugar, cardamom",2022-05-14 21:21:31,2022-06-15 21:21:31
67,order-14b62671-d776-4c76-a722-9f4d41ec595a,5,1,3,5,served,717,"Rice, axone, salt, water, chillies, pork",2021-01-04 2:28:42,2021-11-09 2:28:42
68,order-154875cd-d740-4bce-9066-4db64de8d24a,4,1,5,5,served,125,"Cauliflower, potato, garam masala, turmeric, curry leaves",2022-11-11 5:39:30,2022-02-14 5:39:30
69,order-154875cd-d740-4bce-9066-4db64de8d24a,7,3,4,3,served,821,"Rice flour, potato, bread crumbs, garam masala, salt",2021-04-06 20:32:09,2021-03-11 20:32:09
70,order-154875cd-d740-4bce-9066-4db64de8d24a,5,5,5,2,served,924,"Potato, peas, chillies, ginger, garam masala, garlic",2021-03-02 13:53:29,2022-06-27 13:53:29
71,order-154875cd-d740-4bce-9066-4db64de8d24a,7,2,5,4,served,523,"Potato, fenugreek leaves, chillies, salt, oil",2022-10-12 11:45:32,2021-08-12 11:45:32
72,order-154875cd-d740-4bce-9066-4db64de8d24a,3,5,5,4,served,226,"Potato, shimla mirch, garam masala, amchur powder, salt",2021-10-05 16:47:24,2021-04-08 16:47:24
73,order-154875cd-d740-4bce-9066-4db64de8d24a,3,1,3,5,served,989,"Chole, rava, yogurt, plain flour, baking soda",2021-09-04 14:42:44,2022-08-03 14:42:44
74,order-c7e14773-a442-40c5-b538-8bb266fa8c77,4,2,2,2,served,890,"Ladies finger, garam masala, kasuri methi, tomatoes, chili powder",2022-05-04 3:01:01,2021-11-30 3:01:01
75,order-c7e14773-a442-40c5-b538-8bb266fa8c77,4,1,3,1,served,569,"Chicken thighs, basmati rice, star anise, sweet, green chillies",2022-11-09 0:12:24,2022-07-07 0:12:24
76,order-c7e14773-a442-40c5-b538-8bb266fa8c77,5,4,5,2,served,383,"Chicken, greek yogurt, cream, garam masala powder, cashew nuts, butter",2021-05-07 14:48:09,2021-06-20 14:48:09
77,order-98f954d7-238b-4ad6-8ac8-a698e7ae6d98,1,2,1,3,served,915,"Chickpeas, tomato paste, garam masala, ginger, red onion, avocado oil",2021-07-17 8:43:45,2021-11-11 8:43:45
78,order-8897fa3d-bb6e-45da-bd9b-a31731d7eed8,3,1,1,3,served,503,"Whole wheat flour, olive oil, hot water, all purpose flour",2021-02-09 1:10:57,2022-04-15 1:10:57
79,order-8897fa3d-bb6e-45da-bd9b-a31731d7eed8,10,2,2,5,served,95,"Chicken, dahi, sesame seeds, garam masala powder, cashew nuts, saffron",2021-09-29 8:33:09,2022-07-07 8:33:09
80,order-8897fa3d-bb6e-45da-bd9b-a31731d7eed8,4,5,2,5,served,971,"Naan bread, tomato sauce, skinless chicken breasts, heavy cream, garam masala",2021-02-21 6:50:49,2021-11-03 6:50:49
81,order-8897fa3d-bb6e-45da-bd9b-a31731d7eed8,2,4,3,1,served,547,"Chicken, whole wheat bread, rice flour, garam masala powder, whole egg",2022-06-08 23:27:35,2022-12-18 23:27:35
82,order-8897fa3d-bb6e-45da-bd9b-a31731d7eed8,3,4,3,3,served,158,"Chole, bhatura, garam masala, bay leaf, cinnamon stick",2022-09-18 6:10:51,2021-05-19 6:10:51
83,order-8897fa3d-bb6e-45da-bd9b-a31731d7eed8,10,3,2,1,served,134,"Moong dal, masoor dal, chana dal, wheat flour, almond",2022-04-28 2:41:14,2021-11-14 2:41:14
84,order-1b0b97f6-9ed3-4585-8c2d-37435530d782,4,2,3,3,served,452,"Moong dal, garam masala powder, garlic, green chilli, all purpose flour",2022-02-26 7:55:36,2022-07-12 7:55:36
85,order-1b0b97f6-9ed3-4585-8c2d-37435530d782,8,4,5,1,served,259,"Red kidney beans, urad dal, cream, garam masala, chili powder",2022-05-05 16:01:41,2021-06-05 16:01:41
86,order-1b0b97f6-9ed3-4585-8c2d-37435530d782,2,5,2,5,served,256,"Pigeon peas, garam masala, ginger, red onion, kasuri methi",2022-01-15 16:17:28,2021-09-17 16:17:28
87,order-1b0b97f6-9ed3-4585-8c2d-37435530d782,4,1,5,2,served,663,"Baby potatoes, garam masala, cashew nuts, kasuri methi, tomatoes",2021-02-22 18:53:34,2022-10-06 18:53:34
88,order-1b0b97f6-9ed3-4585-8c2d-37435530d782,3,5,1,1,served,675,"Beaten rice flakes, potato, curry leaves, green chilies, lemon juice",2021-11-08 17:37:54,2021-10-18 17:37:54
89,order-15539a44-3671-4614-b86d-cd266a8b78d1,7,4,4,5,served,726,"Chana dal, whole wheat flour, arhar dal, white urad dal, garam masala powder",2022-10-22 18:08:03,2021-12-03 18:08:03
90,order-3e7211df-c541-4935-84b7-db65e04269d2,2,2,4,4,served,690,"Moong dal, rava, garam masala, dough, fennel seeds",2022-04-04 18:12:12,2021-07-19 18:12:12
91,order-3e7211df-c541-4935-84b7-db65e04269d2,10,4,1,2,served,387,"Cottage cheese, bell peppers, gravy, garam masala, cashew nuts",2021-06-21 5:14:38,2022-09-24 5:14:38
92,order-3e7211df-c541-4935-84b7-db65e04269d2,4,2,4,3,served,272,"Besan, garam masala powder, gram flour, ginger, curry leaves",2022-10-03 15:42:45,2022-10-09 15:42:45
93,order-2fd476d4-0961-4697-a711-2f0814a6a37e,5,5,4,5,served,641,"Bitter gourd, fennel, garam masala powder, chili powder, amchur powder",2022-08-05 2:50:38,2022-03-10 2:50:38
94,order-2fd476d4-0961-4697-a711-2f0814a6a37e,3,3,4,5,served,259,"Moong dal, green peas, ginger, tomato, green chili",2022-06-16 1:27:46,2022-02-19 1:27:46
95,order-2fd476d4-0961-4697-a711-2f0814a6a37e,8,2,1,1,served,988,"Paneer, potato, cream, corn flour, garam masala",2021-08-10 19:46:35,2021-06-30 19:46:35
96,order-2fd476d4-0961-4697-a711-2f0814a6a37e,3,2,5,1,served,885,"Rose syrup, falooda sev, mixed nuts, saffron, sugar",2022-03-02 1:28:25,2021-02-24 1:28:25
97,order-2fd476d4-0961-4697-a711-2f0814a6a37e,4,5,5,4,served,116,"Bottle gourd, garam masala powder, gram flour, ginger, chillies",2021-04-14 9:46:36,2022-07-16 9:46:36
98,order-2fd476d4-0961-4697-a711-2f0814a6a37e,5,2,1,5,served,251,"Bottle gourd, coconut oil, garam masala, ginger, green chillies",2021-08-01 14:59:35,2021-06-13 14:59:35
99,order-4994e87d-1702-475e-8e0d-048ad205a01b,9,5,5,4,served,919,"Wheat flour, roasted gram flour, tomato, nigella seeds, chilli",2021-04-24 18:39:15,2021-06-16 18:39:15
100,order-4994e87d-1702-475e-8e0d-048ad205a01b,7,4,3,4,served,443,"Palak, makki atta, mustard green, garam masala, ginger",2022-10-01 19:44:02,2022-01-23 19:44:02
101,order-4994e87d-1702-475e-8e0d-048ad205a01b,10,1,5,3,served,482,"Whole wheat flour, chickpea flour, green chilies",2021-08-29 4:42:37,2022-09-10 4:42:37
102,order-6b37757e-e7bd-4ab4-aa59-6492ed7200df,1,2,3,5,served,281,"Mushroom, malai, garam masala, ginger, capsicum",2021-07-13 11:26:53,2022-07-20 11:26:53
103,order-6b37757e-e7bd-4ab4-aa59-6492ed7200df,7,1,3,4,served,667,"Canned coconut milk, frozen green peas, wild mushrooms, garam masala, tomatoes",2022-06-09 14:27:31,2021-08-08 14:27:31
104,order-6b37757e-e7bd-4ab4-aa59-6492ed7200df,8,2,1,1,served,431,"Whole wheat flour, honey, butter, garlic",2022-12-19 5:35:57,2021-12-05 5:35:57
105,order-6b37757e-e7bd-4ab4-aa59-6492ed7200df,10,1,2,2,served,409,"Green beans, potatoes, khus khus, low fat, garam masala powder",2022-03-26 3:04:26,2022-04-06 3:04:26
106,order-6b37757e-e7bd-4ab4-aa59-6492ed7200df,6,3,4,3,served,227,"Cottage cheese, palak, cream, garam masala, butter",2021-01-25 23:21:26,2022-04-05 23:21:26
107,order-6b37757e-e7bd-4ab4-aa59-6492ed7200df,6,5,5,4,served,482,"Paneer, whipping cream, garam masala, cashew nuts, butter",2021-07-27 14:42:37,2022-05-12 14:42:37
108,order-d5224d92-73aa-466f-ab59-4294bf9efe34,3,3,1,2,served,797,"Paneer, greek yogurt, tandoori masala, cream, bell pepper",2022-11-15 14:58:36,2021-10-07 14:58:36
109,order-d5224d92-73aa-466f-ab59-4294bf9efe34,2,5,4,3,served,175,"Kala chana, mashed potato, boondi, sev, lemon",2021-08-18 13:01:28,2021-12-05 13:01:28
110,order-d5224d92-73aa-466f-ab59-4294bf9efe34,5,4,3,3,served,338,"Whole wheat flour, musk melon seeds, poppy seeds, edible gum, semolina",2022-01-20 9:33:22,2021-02-07 9:33:22
111,order-d5224d92-73aa-466f-ab59-4294bf9efe34,6,3,1,2,served,348,"Urad dal, sev, lemon juice, chopped tomatoes",2022-06-21 13:38:06,2022-12-10 13:38:06
112,order-d5224d92-73aa-466f-ab59-4294bf9efe34,2,1,5,2,served,352,"Wheat flour, butter, potato, coriander",2021-10-22 1:06:55,2022-12-13 1:06:55
113,order-d5224d92-73aa-466f-ab59-4294bf9efe34,7,2,3,2,served,500,"Arbi ke patte, sesame seeds, gur, bengal gram flour, imli",2021-06-16 12:07:44,2021-07-24 12:07:44
114,order-4261558e-784f-4f4b-bb53-84cebb3494b7,4,5,4,2,served,246,"Fennel, tea bags, tomato, kasuri methi, cinnamon",2022-03-02 5:43:59,2021-01-10 5:43:59
115,order-4261558e-784f-4f4b-bb53-84cebb3494b7,7,2,3,4,served,151,"Red kidney beans, garam masala powder, ginger, tomato, mustard oil",2022-06-10 17:40:43,2022-11-06 17:40:43
116,order-4261558e-784f-4f4b-bb53-84cebb3494b7,10,1,3,2,served,595,"Garam masala powder, tomato, kasuri methi, cinnamon, mustard oil",2021-07-13 7:45:01,2022-12-04 7:45:01
117,order-be9414a6-fd1e-4b80-97d9-9a22ccf9b9e4,3,1,4,2,served,486,"Potatoes, green peas, garam masala, ginger, dough",2021-07-19 17:17:08,2021-11-13 17:17:08
118,order-be9414a6-fd1e-4b80-97d9-9a22ccf9b9e4,5,2,1,1,served,670,"Sattu, atta, dough, filling, mustard oil",2022-09-25 7:36:53,2021-10-01 7:36:53
119,order-be9414a6-fd1e-4b80-97d9-9a22ccf9b9e4,7,4,5,1,served,675,"Cottage cheese, malai, garam masala, ginger, tomato",2022-06-03 19:16:47,2021-11-19 19:16:47
120,order-be9414a6-fd1e-4b80-97d9-9a22ccf9b9e4,1,3,3,2,served,926,"Rose water, milk, white bread slices, saffron, almonds",2022-03-07 0:32:30,2022-07-28 0:32:30
121,order-be9414a6-fd1e-4b80-97d9-9a22ccf9b9e4,8,2,5,5,served,965,"Baby corn, french beans, garam masala, ginger, carrot",2021-02-03 9:55:33,2022-06-26 9:55:33
122,order-43ea0335-0aee-44df-86d0-fe8d129f55d0,5,3,3,5,served,326,"Greek yogurt, garam masala, kasuri methi, marinade, mustard oil",2021-09-28 5:32:47,2022-09-12 5:32:47
123,order-43ea0335-0aee-44df-86d0-fe8d129f55d0,8,5,5,3,served,446,"Chickpea flour, biryani masala powder, yogurt, fish fillets, green bell pepper",2021-10-08 7:19:41,2022-12-28 7:19:41
124,order-43ea0335-0aee-44df-86d0-fe8d129f55d0,2,1,5,3,served,894,"Whole wheat flour, arhar dal, ginger, kala jeera, green chilli",2022-02-21 1:06:09,2022-06-04 1:06:09
125,order-43ea0335-0aee-44df-86d0-fe8d129f55d0,8,1,1,2,served,175,"Raw banana, elephant foot yam, long beans, tindora, urad dal",2021-04-25 20:24:57,2022-08-04 20:24:57
126,order-43ea0335-0aee-44df-86d0-fe8d129f55d0,5,1,3,2,served,778,"Split pigeon peas, chana dal, urad dal, green peas, french beans",2021-12-24 21:07:09,2021-07-22 21:07:09
127,order-93f8cb6b-f85b-46da-bab7-2003b70d7e9a,4,5,5,5,served,963,"Chana dal, urad dal, fresh coconut, sesame seeds, curry leaves",2022-01-27 7:49:18,2022-07-30 7:49:18
128,order-93f8cb6b-f85b-46da-bab7-2003b70d7e9a,6,4,1,2,served,998,"Chana dal, urad dal, whole urad dal, blend rice, rock salt",2022-09-13 15:14:43,2022-06-19 15:14:43
129,order-93f8cb6b-f85b-46da-bab7-2003b70d7e9a,6,1,5,3,served,459,"Rice flour, hot water, grated coconut",2022-04-05 7:53:52,2022-08-24 7:53:52
130,order-93f8cb6b-f85b-46da-bab7-2003b70d7e9a,1,5,2,5,served,816,"Split urad dal, urad dal, idli rice, thick poha, rock salt",2021-08-24 7:55:32,2022-06-29 7:55:32
131,order-93f8cb6b-f85b-46da-bab7-2003b70d7e9a,4,4,5,2,served,187,"Carrot, yellow mustard, red chilli, black salt",2022-06-28 6:48:57,2021-07-02 6:48:57
132,order-93f8cb6b-f85b-46da-bab7-2003b70d7e9a,5,5,2,2,served,329,"Sesame oil, drumstick, tamarind paste, sambar powder, tomato",2021-02-05 0:21:08,2021-03-17 0:21:08
133,order-15269326-9a6e-4e66-a35d-8930a4bfdf64,3,5,5,3,served,168,"Moong dal, chana dal, spinach, urad dal, coconut oil",2022-02-09 13:23:23,2022-06-04 13:23:23
134,order-f7b7d587-18bb-42ec-ba6e-1cca11b4bd9a,10,5,5,4,served,263,"Urad dal, curry leaves, sugar, mustard seeds, spinach",2022-10-07 8:40:16,2021-05-29 8:40:16
135,order-a04316a6-7956-40e6-bc02-a520547850e0,8,5,4,4,served,711,"Greens, tomato, mustard seeds, fenugreek seeds",2022-07-08 20:09:38,2021-01-30 20:09:38
136,order-a04316a6-7956-40e6-bc02-a520547850e0,9,4,2,1,served,473,"Amaranth leaves, split urad dal, mustard seeds, grated coconut, red chili",2022-04-23 0:06:32,2022-11-01 0:06:32
137,order-a04316a6-7956-40e6-bc02-a520547850e0,5,5,2,2,served,56,"Beef, coconut, garam masala, curry leaves, green chilies, chili powder",2022-09-09 8:13:01,2022-05-29 8:13:01
138,order-a04316a6-7956-40e6-bc02-a520547850e0,3,4,3,5,served,129,"Chana dal, urad dal, potato, beans, peas",2021-08-28 9:33:51,2021-02-24 9:33:51
139,order-a04316a6-7956-40e6-bc02-a520547850e0,8,3,5,1,served,327,"Moong dal, chana dal, cabbage, tamarind, curry leaves",2022-06-23 8:59:26,2022-07-25 8:59:26
140,order-a04316a6-7956-40e6-bc02-a520547850e0,7,2,5,5,served,565,"Moong dal, cucumber, curry leaves, green chili, lemon juice",2022-11-02 15:12:35,2021-02-09 15:12:35
141,order-504abd13-9bf6-4f17-81a7-f957c22dddfb,8,1,1,4,served,954,"Chana dal, urad dal, gooseberry, raw rice, curry leaves",2022-04-07 16:49:33,2022-08-15 16:49:33
142,order-504abd13-9bf6-4f17-81a7-f957c22dddfb,9,2,2,5,served,646,"Sesame oil, raw rice, jaggery, grated coconut",2022-11-18 6:27:04,2021-12-03 6:27:04
143,order-504abd13-9bf6-4f17-81a7-f957c22dddfb,4,1,3,3,served,671,"Pearl onions, urad dal, drumsticks, tomato, curry leaves",2021-04-08 21:05:01,2021-05-04 21:05:01
144,order-504abd13-9bf6-4f17-81a7-f957c22dddfb,7,3,4,2,served,468,"Chana dal, urad dal, potatoes, idli rice, thick poha",2021-12-05 3:47:05,2021-06-29 3:47:05
145,order-504abd13-9bf6-4f17-81a7-f957c22dddfb,9,3,4,2,served,407,"Coconut oil, cucumber, curd, curry leaves, mustard seeds",2021-05-15 19:35:36,2021-02-22 19:35:36
146,order-504abd13-9bf6-4f17-81a7-f957c22dddfb,5,1,3,4,served,968,"Yogurt, ginger, curry leaves, baking soda, green chilli",2021-08-19 9:01:21,2021-12-26 9:01:21
147,order-25465da8-ea21-4a78-a484-01a4f0cb6ff2,9,4,3,5,served,63,"Lentils, black pepper, vegetable oil",2021-06-15 21:18:53,2021-12-13 21:18:53
148,order-b29fc147-122f-4642-b837-d10403f42588,4,1,2,4,served,785,"Raw rice, jaggery, milk",2022-08-21 14:34:14,2021-08-23 14:34:14
149,order-b29fc147-122f-4642-b837-d10403f42588,6,5,3,5,served,74,"Rice, cashew nuts, milk, raisins, sugar",2021-05-22 21:14:02,2021-07-27 21:14:02
150,order-b29fc147-122f-4642-b837-d10403f42588,4,2,1,4,served,911,"Arhar dal, sambar powder, tomato, curry leaves, fennel seeds",2021-03-19 0:09:59,2021-04-11 0:09:59
151,order-b29fc147-122f-4642-b837-d10403f42588,6,3,2,3,served,405,"Green moong beans, rice flour",2022-11-29 1:31:32,2021-11-19 1:31:32
152,order-b29fc147-122f-4642-b837-d10403f42588,1,1,5,2,served,594,"Chana dal, urad dal, beans, coconut, mustard",2021-09-10 22:09:32,2021-11-29 22:09:32
153,order-b29fc147-122f-4642-b837-d10403f42588,6,4,1,5,served,618,"Urad dal, lemon, tamarind, cooked rice, curry leaves",2022-03-14 6:11:37,2022-07-28 6:11:37
154,order-b405e0d6-f1e7-448d-bfa4-2f294bbdad8d,4,1,2,3,served,804,"Tomato, curry leaves, garlic, mustard seeds, hot water",2022-02-21 9:50:49,2021-10-06 9:50:49
155,order-b405e0d6-f1e7-448d-bfa4-2f294bbdad8d,6,1,4,1,served,366,"Brown rice flour, sugar, grated coconut",2021-10-09 22:11:39,2021-06-19 22:11:39
156,order-b405e0d6-f1e7-448d-bfa4-2f294bbdad8d,1,3,1,5,served,772,"Pigeon peas, eggplant, drumsticks, sambar powder, tamarind",2022-10-04 3:17:54,2021-05-11 3:17:54
157,order-b405e0d6-f1e7-448d-bfa4-2f294bbdad8d,2,1,5,4,served,596,"Thin rice flakes, black sesame seeds, curry leaves",2022-04-23 18:44:28,2022-04-18 18:44:28
158,order-b405e0d6-f1e7-448d-bfa4-2f294bbdad8d,8,2,3,4,served,684,"Sevai, parboiled rice, steamer",2021-11-16 1:51:34,2022-05-01 1:51:34
159,order-46c0a11a-d3d0-4b04-8e3c-77b66bb96d97,5,4,2,1,served,932,"Urad dal, curd, sesame oil, ginger, curry leaves, mustard seeds",2022-01-11 15:38:28,2021-04-13 15:38:28
160,order-46c0a11a-d3d0-4b04-8e3c-77b66bb96d97,9,4,3,3,served,667,"Coconut, whole red beans, masala, sesame oil, tamarind",2021-07-30 7:26:45,2022-12-13 7:26:45
161,order-46c0a11a-d3d0-4b04-8e3c-77b66bb96d97,5,5,5,3,served,345,"Chana dal, urad dal, thick poha, tomato, butter",2021-01-01 6:51:22,2021-03-19 6:51:22
162,order-46c0a11a-d3d0-4b04-8e3c-77b66bb96d97,4,5,1,4,served,604,"Urad dal, ginger, curry leaves, green chilies, black pepper",2022-12-01 9:05:40,2021-09-30 9:05:40
163,order-46c0a11a-d3d0-4b04-8e3c-77b66bb96d97,9,5,5,3,served,821,"Meat curry powder, chicken chunks, ginger, tomato, cinnamon",2021-05-17 5:37:36,2021-05-01 5:37:36
164,order-93904d9d-79b8-47d9-844e-af5379dc5b06,2,5,1,4,served,52,"Chana dal, urad dal, ginger, curry leaves, sugar",2022-11-22 15:17:26,2021-06-24 15:17:26
165,order-93904d9d-79b8-47d9-844e-af5379dc5b06,1,3,3,2,served,859,"Kala masala, arhar dal, curry leaves, mustard seeds, hot water",2021-11-15 0:55:47,2022-05-08 0:55:47
166,order-93904d9d-79b8-47d9-844e-af5379dc5b06,1,2,4,4,served,484,"Gram flour, mustard, garlic, turmeric, red chilli",2021-03-17 18:43:33,2021-11-02 18:43:33
167,order-27124242-90a6-4405-94c0-5cd039eddd70,1,4,2,5,served,370,"Baingan, fish, coconut oil, fresh coconut, ginger",2021-04-15 10:27:20,2022-09-25 10:27:20
168,order-8a7f11f0-6324-495c-ba20-27b9f946b557,1,4,4,4,served,145,"Urad dal, potatoes, wheat flour, sooji",2022-11-14 14:51:58,2022-06-09 14:51:58
169,order-f0ee5b9e-8361-4e08-8835-591966dfc385,1,2,3,5,served,223,"Wheat flour, pearl millet flour, hot water",2022-10-02 5:20:19,2021-08-04 5:20:19
170,order-843918ff-aca5-44dc-87c4-75b09b3e32bc,10,5,1,5,served,428,"Condensed milk, mawa, desiccated coconut, almonds, cashews",2022-08-13 13:03:02,2022-01-21 13:03:02
171,order-843918ff-aca5-44dc-87c4-75b09b3e32bc,9,5,4,2,served,610,"Jowar flour, sesame seeds",2021-08-24 17:28:54,2022-02-21 17:28:54
172,order-843918ff-aca5-44dc-87c4-75b09b3e32bc,8,5,3,2,served,768,"Bombay duck, malvani masala, rice flour, bombay rava, green chilies",2022-01-04 17:37:53,2021-02-04 17:37:53
173,order-843918ff-aca5-44dc-87c4-75b09b3e32bc,2,1,3,3,served,622,"Rice flour, sesame, plain flour, turmeric, red chilli",2022-11-23 20:51:32,2022-08-05 20:51:32
174,order-843918ff-aca5-44dc-87c4-75b09b3e32bc,2,5,1,1,placed,102,"Citric acid, fry, raisins, sugar, chana daal",2022-02-26 9:14:13,2022-06-06 9:14:13
175,order-fc8acef8-6e48-4344-bd94-0c2976c702af,3,2,2,3,placed,192,"Urad dal, bengal gram flour, dried mango, baking soda, black salt",2021-03-14 4:46:16,2021-02-26 4:46:16
176,order-f53e9160-5005-4f98-917e-a79129131886,1,4,3,5,placed,237,"Condensed milk, nestle cream, coconut ice, red food coloring, desiccated coconut",2022-03-01 18:11:32,2022-07-08 18:11:32
177,order-23550aa9-57f6-4b14-bbe6-adc43bb202e0,4,3,5,3,placed,721,"Whole wheat flour, dal, kokum, gur, bengal gram flour",2022-01-26 14:21:11,2022-01-09 14:21:11
178,order-23550aa9-57f6-4b14-bbe6-adc43bb202e0,5,2,5,5,placed,212,"Pav, aloo, peanut, pomegranate, star anise",2021-06-12 14:47:36,2022-02-14 14:47:36
179,order-23550aa9-57f6-4b14-bbe6-adc43bb202e0,1,2,1,4,placed,489,"Urad dal, bhuna chana, garam masala, dates, tamarind",2022-03-25 18:23:59,2021-03-02 18:23:59
180,order-7c86869b-d1f7-4f3b-9126-36070291736b,5,4,5,4,placed,314,"Arhar dal, coconut oil, curry leaves, mustard seeds, red chilli",2021-08-16 13:45:08,2021-04-08 13:45:08
181,order-7c86869b-d1f7-4f3b-9126-36070291736b,4,4,2,3,placed,69,"Rava, coconut, gram flour, mustard, sesame",2021-03-01 7:18:14,2021-06-15 7:18:14
182,order-7c86869b-d1f7-4f3b-9126-36070291736b,2,2,2,5,placed,234,"Bottle gourd, green, raisins, sugar, clarified butter",2021-03-04 0:45:28,2022-05-19 0:45:28
183,order-7c86869b-d1f7-4f3b-9126-36070291736b,7,2,3,5,placed,983,"Yogurt, besan, sauce, garam masala powder, gram flour",2022-08-11 10:31:39,2021-12-13 10:31:39
184,order-7c86869b-d1f7-4f3b-9126-36070291736b,1,1,5,3,placed,519,"Wheat flour, jaggery, clarified butter, sliced almonds",2021-08-28 1:40:39,2022-05-11 1:40:39
185,order-052ac875-e61c-4cff-af92-fb2759b82bc7,1,1,3,1,placed,695,"Dry fruits, semolina, all purpose flour",2021-12-05 22:23:34,2021-02-21 22:23:34
186,order-052ac875-e61c-4cff-af92-fb2759b82bc7,4,5,3,4,placed,500,"Bottle gourd, chana dal, cabbage, urad dal, toor dal",2022-01-05 12:16:50,2021-07-17 12:16:50
187,order-052ac875-e61c-4cff-af92-fb2759b82bc7,7,1,2,1,placed,890,"Whole wheat rava, chia seed, lemon, edible gum, litre milk",2022-06-21 23:45:32,2022-01-12 23:45:32
188,order-052ac875-e61c-4cff-af92-fb2759b82bc7,4,2,5,3,placed,915,"Green chilies, lemon juice, chili powder, boiled potatoes",2021-06-29 14:56:46,2022-04-10 14:56:46
189,order-052ac875-e61c-4cff-af92-fb2759b82bc7,7,5,4,2,placed,671,"Wheat flour, cashews, rapeseed oil",2021-02-11 9:02:59,2022-01-02 9:02:59
190,order-a90cdac0-73e5-4e34-811a-fad85ec10995,7,4,4,5,placed,361,"Mango, sugar",2022-04-13 21:24:53,2021-03-16 21:24:53
191,order-aa1da236-115b-4eca-8be0-22139a6259f4,3,2,4,5,placed,86,"Whole wheat flour, low fat, bengal gram flour",2022-01-12 15:50:18,2022-06-27 15:50:18
192,order-aa1da236-115b-4eca-8be0-22139a6259f4,4,2,4,2,placed,256,"Green chili paste, white sesame seeds, gram flour, curry leaves, green chili",2022-04-04 7:36:10,2021-06-07 7:36:10
193,order-aa1da236-115b-4eca-8be0-22139a6259f4,3,4,2,5,placed,971,"Rice flour, urad dal, wheat flour, gram flour, turmeric",2021-10-24 22:27:22,2022-01-14 22:27:22
194,order-aa1da236-115b-4eca-8be0-22139a6259f4,7,3,1,1,placed,1000,"Cinnamon, jaggery, clarified butter, dry roasted",2022-10-10 20:07:43,2022-05-30 20:07:43
195,order-aa1da236-115b-4eca-8be0-22139a6259f4,4,2,5,4,placed,126,"Cucumber, carrot, tomatoes, cilantro",2022-09-29 19:49:44,2021-01-18 19:49:44
196,order-aa1da236-115b-4eca-8be0-22139a6259f4,3,4,5,3,placed,762,"Rava, gram flour, lemon juice, turmeric, fenugreek leaves",2021-12-06 9:29:03,2021-06-18 9:29:03
197,order-c554962c-90cf-4a74-b90d-1d21adc61fed,5,1,4,5,placed,995,"Rose water, pistachio, badam, bengal gram flour, saffron",2022-07-07 12:34:37,2021-10-22 12:34:37
198,order-c554962c-90cf-4a74-b90d-1d21adc61fed,3,3,3,2,placed,358,"Bottle gourd, whole wheat flour, rava, sesame seeds, bengal gram flour",2022-10-09 17:24:30,2021-06-05 17:24:30
199,order-c554962c-90cf-4a74-b90d-1d21adc61fed,3,3,2,3,placed,918,"Arbi ke patte, sesame seeds, gur, bengal gram flour, imli",2021-12-03 16:08:20,2021-08-02 16:08:20
200,order-c554962c-90cf-4a74-b90d-1d21adc61fed,4,4,1,5,placed,546,"Pav bhaji masala, gobi, potatoes, green peas, dinner rolls",2021-03-02 9:47:11,2021-10-06 9:47:11
201,order-c554962c-90cf-4a74-b90d-1d21adc61fed,3,4,5,1,placed,448,"Aloo, urad dal, mustard, ginger, curry leaves",2022-11-25 22:46:19,2022-07-17 22:46:19
202,order-2dfaafc1-710f-4413-ab35-b848b3610f14,1,2,4,3,placed,767,"Raw peanuts, sabudana, lemon, avocado oil, curry leaves, green chili",2021-01-25 2:52:58,2022-01-10 2:52:58
203,order-2dfaafc1-710f-4413-ab35-b848b3610f14,8,2,4,2,placed,685,"Khaman, pomegranate, sev, powdered sugar, garlic",2022-06-05 5:50:07,2021-05-02 5:50:07
204,order-2dfaafc1-710f-4413-ab35-b848b3610f14,5,3,5,1,placed,79,"Sev, ginger, tomato, sugar",2021-11-16 3:10:51,2022-03-01 3:10:51
205,order-2dfaafc1-710f-4413-ab35-b848b3610f14,10,2,1,1,placed,729,"Wheat flour, baking soda, all purpose flour, black pepper, sunflower oil",2021-12-02 2:42:06,2022-11-28 2:42:06
206,order-2dfaafc1-710f-4413-ab35-b848b3610f14,9,3,4,5,placed,257,"Whole wheat flour, gur, clarified butter",2022-01-16 16:45:02,2022-06-11 16:45:02
207,order-978a7012-1d50-4b44-b344-a27fda00aefb,1,1,5,2,placed,236,"Rice flakes, yogurt, raw rice, jaggery, grated coconut",2022-05-23 0:37:18,2021-03-17 0:37:18
208,order-60e75f84-551e-420c-b0d2-3541cb5bc7ab,10,3,1,4,placed,819,"Whole wheat flour, rice flour, pearl millet flour, sorghum flour, sesame seeds",2021-11-04 8:21:05,2022-04-12 8:21:05
209,order-87043a00-38d0-406b-8287-22c67c6750dd,7,1,4,2,placed,976,"Sweet potato, surti papdi, baby potatoes, valor papdi, green peas",2022-06-05 19:39:45,2021-05-01 19:39:45
210,order-87043a00-38d0-406b-8287-22c67c6750dd,10,4,1,5,placed,249,"Gobi, potato, beans, khus khus, coconut",2022-06-04 12:53:06,2021-04-11 12:53:06
211,order-87043a00-38d0-406b-8287-22c67c6750dd,7,3,2,4,placed,473,"Chicken, coconut oil, wine vinegar, ginger, green, cinnamon",2022-08-17 5:13:22,2022-01-09 5:13:22
212,order-bab7ed4c-1217-4cc6-895b-4c062e7b80e1,8,4,1,3,placed,530,"Green garlic chutney, fresh green peas, ginger, lemon juice, plain flour",2021-11-07 17:24:22,2021-05-29 17:24:22
213,order-bab7ed4c-1217-4cc6-895b-4c062e7b80e1,1,5,3,2,placed,793,"Moong beans, jaggery, red chillies, oil, salt",2021-07-02 12:36:04,2022-02-14 12:36:04
214,order-bab7ed4c-1217-4cc6-895b-4c062e7b80e1,4,1,1,4,placed,421,"Rice flour, sesame seeds, baking soda, peanut oil",2022-07-06 19:38:15,2022-07-21 19:38:15
215,order-bab7ed4c-1217-4cc6-895b-4c062e7b80e1,3,3,5,2,placed,686,"Chickpea flour, methi leaves, jowar flour, wheat flour",2022-04-17 13:33:01,2021-03-15 13:33:01
216,order-bab7ed4c-1217-4cc6-895b-4c062e7b80e1,9,1,5,1,placed,581,"Semolina, clarified butter, oil, white flour, black pepper",2021-04-04 6:26:59,2021-01-28 6:26:59
217,order-bab7ed4c-1217-4cc6-895b-4c062e7b80e1,1,3,1,4,placed,430,"Yogurt, fresh coconut, sesame seeds, semolina, gram flour",2022-11-27 0:39:20,2021-06-02 0:39:20
218,order-bc14806d-13c3-43df-8621-0160c1959f84,2,5,4,2,placed,933,"Ridge gourd, baking soda, sugar, grated coconut, peas",2022-03-25 7:06:57,2021-06-10 7:06:57
219,order-c8f416b7-da43-4a12-b06a-0c2c237193f9,7,2,4,1,placed,294,"Whole wheat flour, khus khus, sesame seeds, dry coconut, gur",2021-11-25 16:38:17,2021-05-03 16:38:17
220,order-c8f416b7-da43-4a12-b06a-0c2c237193f9,6,5,3,5,cancelled,418,"Rice, mango, curd",2022-10-17 17:41:47,2021-05-13 17:41:47
221,order-c8f416b7-da43-4a12-b06a-0c2c237193f9,6,2,1,1,cancelled,922,"Sticky rice, rice flour, jaggery, orange rind",2022-06-11 3:39:45,2021-01-09 3:39:45
222,order-c8f416b7-da43-4a12-b06a-0c2c237193f9,4,3,5,4,cancelled,834,"Raw papaya, panch phoran masala, nigella seeds, mustard oil, fennel seeds",2021-11-13 9:43:20,2021-06-03 9:43:20
223,order-c8f416b7-da43-4a12-b06a-0c2c237193f9,4,4,4,1,cancelled,182,"Rice, eggs, carrot, beetroot",2022-12-22 16:10:28,2021-07-02 16:10:28
224,order-838c6496-cba1-4655-be68-7258c998431e,10,4,3,3,cancelled,384,"Maida, vegetable oil",2021-08-26 5:22:50,2022-06-19 5:22:50
225,order-838c6496-cba1-4655-be68-7258c998431e,9,4,1,4,cancelled,205,"Potatoes, mustard oil, fish, green chillies",2022-05-20 22:58:02,2022-07-12 22:58:02
226,order-838c6496-cba1-4655-be68-7258c998431e,5,1,4,1,cancelled,437,"Ridge gourd, fish, lemon, tomatoes, mustard oil",2022-09-09 1:26:08,2021-12-23 1:26:08
227,order-838c6496-cba1-4655-be68-7258c998431e,4,5,3,1,cancelled,158,"Brinjal, onions, salt, sesame seeds, coriander",2022-01-27 6:51:34,2021-06-11 6:51:34
228,order-838c6496-cba1-4655-be68-7258c998431e,10,1,5,1,cancelled,710,"Potatoes, garam masala, tomatoes, mustard oil, bay leaf",2021-06-03 2:26:02,2021-02-15 2:26:02
229,order-838c6496-cba1-4655-be68-7258c998431e,4,3,2,3,cancelled,170,"Forbidden black rice, chicken, olive oil, slivered almonds, garlic powder",2021-07-26 10:56:32,2022-04-27 10:56:32
230,order-5a370a20-4c4a-48df-bcbc-0ac69f80db3a,5,2,3,1,cancelled,331,"Biryani masala, mixed vegetables, yellow moong daal, whole red, mustard seeds",2022-10-21 9:53:19,2022-09-20 9:53:19
231,order-5a370a20-4c4a-48df-bcbc-0ac69f80db3a,9,3,1,4,cancelled,224,"Brown rice, soy sauce, olive oil",2022-10-10 19:25:35,2022-02-19 19:25:35
232,order-5a370a20-4c4a-48df-bcbc-0ac69f80db3a,6,2,5,2,cancelled,86,"Coconut milk, lobster, fresh green chilli, ginger, red onion",2021-12-14 7:53:45,2021-06-06 7:53:45
233,order-5a370a20-4c4a-48df-bcbc-0ac69f80db3a,4,5,1,5,cancelled,384,"Baking soda, clarified butter, oil, all purpose flour",2021-07-11 3:39:16,2022-09-15 3:39:16
234,order-5a370a20-4c4a-48df-bcbc-0ac69f80db3a,6,1,3,3,cancelled,191,"Jaggery, raisins",2021-04-22 17:03:15,2021-03-29 17:03:15
235,order-5a370a20-4c4a-48df-bcbc-0ac69f80db3a,10,3,4,4,cancelled,945,"Lamb, garam masala powder, curd, turmeric, bay leaf",2022-04-30 22:40:14,2021-12-05 22:40:14
236,order-ef145c79-17ff-4dae-a1e6-0c4ed16de06c,6,2,2,1,cancelled,86,"Coconut, prawns, curd, mustard seed, green chili",2022-01-27 10:16:45,2021-03-13 10:16:45
237,order-ef145c79-17ff-4dae-a1e6-0c4ed16de06c,9,4,5,2,cancelled,306,"Fish fillet, besan, lemon, mint, ginger",2021-04-10 20:18:51,2022-02-25 20:18:51
238,order-ef145c79-17ff-4dae-a1e6-0c4ed16de06c,8,5,3,4,cancelled,654,"Fermented bamboo shoot, potato, ginger, green, mustard oil",2022-04-27 23:22:17,2021-05-09 23:22:17
239,order-ef145c79-17ff-4dae-a1e6-0c4ed16de06c,3,1,3,5,cancelled,369,"Banana flower, chicken, green chili, mustard oil, lemon juice",2022-04-03 20:40:42,2022-11-02 20:40:42
240,order-ef145c79-17ff-4dae-a1e6-0c4ed16de06c,5,5,3,4,cancelled,269,"Aloo, tomatoes, mustard oil, bay leaf, cinnamon stick",2022-07-20 17:13:13,2021-12-04 17:13:13
241,order-373f5477-c268-4750-b4a9-9b9d87062616,2,1,3,1,cancelled,723,"Rice flour, mutton, banana, gram flour, olive oil, baking powder",2021-04-07 19:53:24,2022-12-24 19:53:24
242,order-373f5477-c268-4750-b4a9-9b9d87062616,8,5,3,3,cancelled,255,"Fish roe, pumpkin flowers, mustard oil, turmeric, tomato",2022-06-19 6:53:48,2021-11-02 6:53:48
243,order-373f5477-c268-4750-b4a9-9b9d87062616,7,4,3,4,cancelled,680,"Chana dal, fresh coconut, ginger, cinnamon, raisins",2021-05-12 14:58:47,2021-10-02 14:58:47
244,order-373f5477-c268-4750-b4a9-9b9d87062616,2,1,1,1,cancelled,223,"Curd, cooked rice, curry leaves, dry chilli",2021-01-10 15:21:43,2022-04-15 15:21:43
245,order-373f5477-c268-4750-b4a9-9b9d87062616,5,5,1,4,cancelled,903,"Tea leaves, white sesame seeds, dry coconut, soaked rice",2022-02-10 9:18:26,2022-04-02 9:18:26
246,order-373f5477-c268-4750-b4a9-9b9d87062616,9,1,2,4,cancelled,474,"Basmati rice, rose water, sugar, clarified butter, cardamom pods",2022-07-27 16:39:48,2021-07-01 16:39:48
247,order-2f53a212-41c0-4774-9f42-fa1c8a96d030,9,4,4,4,cancelled,543,"Coconut milk, prawns, garlic, turmeric, sugar",2022-08-08 13:04:06,2021-07-23 13:04:06
248,order-2f53a212-41c0-4774-9f42-fa1c8a96d030,3,3,4,1,cancelled,594,"Red pepper, red onion, butter, watercress, olive oil",2022-06-18 0:07:18,2021-10-23 0:07:18
249,order-2f53a212-41c0-4774-9f42-fa1c8a96d030,1,2,3,5,cancelled,172,"Green beans, bitter gourd, ridge gourd, banana, brinjal",2021-01-16 9:49:05,2022-04-13 9:49:05
250,order-c93bcd96-cd3d-4cbb-a4df-0da61e808933,9,1,5,2,cancelled,777,"Green beans, bitter gourd, ridge gourd, banana, brinjal",2022-12-03 18:42:28,2022-04-20 18:42:28